ID,First Name,Last Name,Age,City
1,John,Smith,34,New York
2,Jane,Johnson,28,Los Angeles
3,Michael,Williams,45,Chicago
4,Emily,Brown,22,Houston
5,David,Jones,39,Phoenix
6,Sarah,Garcia,31,Philadelphia
7,Daniel,Miller,50,San Antonio
8,Olivia,Davis,27,San Diego
9,James,Martinez,41,Dallas
10,Sophia,Wilson,36,San Jose
11,John,Brown,29,New York
12,Emily,Smith,33,Chicago
13,David,Johnson,55,Houston
14,Jane,Wilson,24,Phoenix
15,Michael,Davis,38,San Diego
16,Sarah,Martinez,42,Dallas
17,Daniel,Garcia,30,San Antonio
18,Olivia,Miller,26,Los Angeles
19,James,Jones,47,Philadelphia
20,Sophia,Williams,35,San Jose
21,John,Garcia,32,New York
22,Emily,Miller,29,Chicago